step,sim_time_s,x_actual,y_actual,phi_k,nav_state,current_wp_index,d_est,obstacle_detected,left_speed,right_speed
0,0.0000,0.06110,-0.40000,1.56380,0,0,0.01704,0,4.5311,-4.5311
1,0.0320,0.06110,-0.39994,1.45239,0,0,0.01740,0,4.1105,-4.1105
2,0.0640,0.06110,-0.39994,1.34841,0,0,0.01722,0,3.7148,-3.7148
3,0.0960,0.06110,-0.39994,1.25433,0,0,0.01656,0,3.3569,-3.3569
4,0.1280,0.06110,-0.39994,1.17015,0,0,0.01642,0,3.0366,-3.0366
5,0.1600,0.06110,-0.39994,1.09588,0,0,0.01706,0,2.7540,-2.7540
6,0.1920,0.06110,-0.39994,1.02656,0,0,0.01652,0,2.4902,-2.4902
7,0.2240,0.06110,-0.39994,0.96219,0,0,0.01714,0,2.2453,-2.2453
8,0.2560,0.06110,-0.39994,0.90772,0,0,0.01760,0,2.0381,-2.0381
9,0.2880,0.06110,-0.39994,0.85325,0,0,0.01679,0,1.8308,-1.8308
10,0.3200,0.06110,-0.39994,0.80869,0,0,0.01704,0,1.6613,-1.6613
11,0.3520,0.06110,-0.39994,0.76413,0,0,0.01737,0,1.4917,-1.4917
12,0.3840,0.06110,-0.39994,0.72947,0,0,0.01731,0,1.3598,-1.3598
13,0.4160,0.06110,-0.39994,0.69481,0,0,0.01709,0,1.2279,-1.2279
14,0.4480,0.06110,-0.39994,0.66510,0,0,0.01772,0,1.1149,-1.1149
15,0.4800,0.06110,-0.39994,0.63539,0,0,0.01788,0,1.0019,-1.0019
16,0.5120,0.06110,-0.39994,0.61063,0,0,0.01773,0,0.9077,-0.9077
17,0.5440,0.06110,-0.39994,0.58587,0,0,0.01748,0,0.8135,-0.8135
18,0.5760,0.06110,-0.39994,0.56606,0,0,0.01737,0,0.7381,-0.7381
19,0.6080,0.06110,-0.39994,0.54626,0,0,0.01740,0,0.6627,-0.6627
20,0.6400,0.06110,-0.39994,0.53140,0,0,0.01783,0,0.6062,-0.6062
21,0.6720,0.06110,-0.39994,0.51655,0,0,0.01717,0,3.2933,2.5604
22,0.7040,0.06279,-0.39899,0.50665,0,0,0.01708,0,3.2784,2.5753
23,0.7360,0.06448,-0.39806,0.49674,0,0,0.01672,0,3.2633,2.5903
24,0.7680,0.06613,-0.39718,0.48932,0,0,0.01679,0,3.2542,2.5995
25,0.8000,0.06783,-0.39628,0.47941,0,0,0.01688,0,3.2390,2.6147
26,0.8320,0.06955,-0.39539,0.47446,0,0,0.01748,0,3.2364,2.6172
27,0.8640,0.07127,-0.39452,0.46456,0,0,0.01633,0,3.2213,2.6323
28,0.8960,0.07294,-0.39369,0.45713,0,0,0.01645,0,3.2121,2.6416
29,0.9280,0.07474,-0.39281,0.44970,0,0,0.01671,0,3.2035,2.6501
30,0.9600,0.07642,-0.39201,0.44228,0,0,0.01704,0,3.1944,2.6593
31,0.9920,0.07817,-0.39119,0.43732,0,0,0.01748,0,3.1920,2.6617
32,1.0240,0.07986,-0.39040,0.42990,0,0,0.01749,0,3.1831,2.6705
33,1.0560,0.08168,-0.38958,0.42247,0,0,0.01749,0,3.1751,2.6786
34,1.0880,0.08344,-0.38879,0.41752,0,0,0.01738,0,3.1731,2.6805
35,1.1200,0.08515,-0.38804,0.41009,0,0,0.01700,0,3.1648,2.6888
36,1.1520,0.08693,-0.38727,0.40514,0,0,0.01698,0,3.1634,2.6902
37,1.1840,0.08864,-0.38654,0.39771,0,0,0.01678,0,3.1557,2.6979
38,1.2160,0.09037,-0.38583,0.39029,0,0,0.01689,0,3.1481,2.7055
39,1.2480,0.09216,-0.38510,0.38533,0,0,0.01763,0,3.1477,2.7060
40,1.2800,0.09395,-0.38438,0.38038,0,0,0.01725,0,3.1479,2.7058
41,1.3120,0.09574,-0.38366,0.37543,0,0,0.01710,0,3.1489,2.7048
42,1.3440,0.09754,-0.38296,0.37048,0,0,0.01683,0,3.1509,2.7028
43,1.3760,0.09928,-0.38229,0.36305,0,0,0.01724,0,3.1470,2.7067
44,1.4080,0.10109,-0.38161,0.35810,0,1,0.01675,0,3.1511,2.7026
45,1.4400,0.10290,-0.38094,0.35315,0,1,0.01716,0,1.0311,-1.0311
46,1.4720,0.10296,-0.38092,0.32592,0,1,0.01748,0,0.9283,-0.9283
47,1.5040,0.10290,-0.38094,0.30363,0,1,0.01770,0,0.8427,-0.8427
48,1.5360,0.10296,-0.38092,0.28135,0,1,0.01706,0,0.7587,-0.7587
49,1.5680,0.10296,-0.38092,0.26155,0,1,0.01768,0,0.6833,-0.6833
50,1.6000,0.10290,-0.38093,0.24421,0,1,0.01754,0,0.6168,-0.6168
51,1.6320,0.10290,-0.38093,0.22936,0,1,0.01698,0,3.3003,2.5533
52,1.6640,0.10478,-0.38050,0.21946,0,1,0.01697,0,3.2851,2.5686
53,1.6960,0.10667,-0.38009,0.20955,0,1,0.01804,0,3.2697,2.5840
54,1.7280,0.10850,-0.37971,0.20213,0,1,0.01843,0,3.2602,2.5935
55,1.7600,0.11045,-0.37932,0.19470,0,1,0.01793,0,3.2513,2.6024
56,1.7920,0.11228,-0.37896,0.18727,0,1,0.01737,0,3.2418,2.6119
57,1.8240,0.11418,-0.37861,0.17737,0,1,0.01691,0,3.2262,2.6274
58,1.8560,0.11609,-0.37828,0.17242,0,1,0.01704,0,3.2232,2.6304
59,1.8880,0.11799,-0.37796,0.16251,0,1,0.01712,0,3.2077,2.6460
60,1.9200,0.11983,-0.37766,0.15509,0,1,0.01686,0,3.1980,2.6557
61,1.9520,0.12174,-0.37737,0.15014,0,1,0.01733,0,3.1950,2.6586
62,1.9840,0.12365,-0.37709,0.14023,0,1,0.01701,0,3.1795,2.6742
63,2.0160,0.12556,-0.37682,0.13528,0,1,0.01722,0,3.1765,2.6771
64,2.0480,0.12748,-0.37657,0.13033,0,1,0.01701,0,3.1738,2.6798
65,2.0800,0.12933,-0.37633,0.12290,0,1,0.01815,0,3.1647,2.6890
66,2.1120,0.13125,-0.37610,0.11795,0,1,0.01762,0,3.1623,2.6913
67,2.1440,0.13317,-0.37588,0.11300,0,1,0.01781,0,3.1603,2.6933
68,2.1760,0.13509,-0.37567,0.10310,0,1,0.01758,0,3.1459,2.7078
69,2.2080,0.13701,-0.37547,0.09814,0,1,0.01743,0,3.1441,2.7095
70,2.2400,0.13893,-0.37529,0.09319,0,1,0.01730,0,3.1429,2.7108
71,2.2720,0.14085,-0.37511,0.08824,0,1,0.01742,0,3.1422,2.7115
72,2.3040,0.14278,-0.37495,0.08329,0,1,0.01710,0,3.1421,2.7115
73,2.3360,0.14464,-0.37480,0.07586,0,1,0.01711,0,3.1359,2.7177
74,2.3680,0.14656,-0.37466,0.07091,0,1,0.01723,0,3.1371,2.7165
75,2.4000,0.14843,-0.37453,0.06844,0,1,0.01896,0,3.1454,2.7083
76,2.4320,0.15035,-0.37440,0.06348,0,2,0.01702,0,3.1494,2.7042
77,2.4640,0.15234,-0.37428,0.05606,0,2,0.01690,0,-2.0545,2.0545
78,2.4960,0.15228,-0.37429,0.10805,0,2,0.01747,0,-1.8553,1.8553
79,2.5280,0.15234,-0.37428,0.15509,0,2,0.01744,0,-1.6776,1.6776
80,2.5600,0.15228,-0.37429,0.19718,0,2,0.01689,0,-1.5163,1.5163
81,2.5920,0.15228,-0.37429,0.23679,0,2,0.01787,0,-1.3656,1.3656
82,2.6240,0.15228,-0.37429,0.27145,0,2,0.01771,0,-1.2337,1.2337
83,2.6560,0.15228,-0.37429,0.30116,0,2,0.01784,0,-1.1206,1.1206
84,2.6880,0.15228,-0.37429,0.33087,0,2,0.01682,0,-1.0076,1.0076
85,2.7200,0.15228,-0.37429,0.35562,0,2,0.01742,0,-0.9134,0.9134
86,2.7520,0.15234,-0.37427,0.37791,0,2,0.01750,0,-0.8293,0.8293
87,2.7840,0.15228,-0.37429,0.40019,0,2,0.01737,0,-0.7439,0.7439
88,2.8160,0.15234,-0.37427,0.41752,0,2,0.01726,0,-0.6785,0.6785
89,2.8480,0.15228,-0.37429,0.43485,0,2,0.01814,0,-0.6121,0.6121
90,2.8800,0.15228,-0.37429,0.44970,0,2,0.01745,0,2.5565,3.2972
91,2.9120,0.15402,-0.37345,0.45961,0,2,0.01754,0,2.5736,3.2801
92,2.9440,0.15574,-0.37258,0.46951,0,2,0.01686,0,2.5909,3.2628
93,2.9760,0.15740,-0.37173,0.47694,0,2,0.01787,0,2.6023,3.2513
94,3.0080,0.15917,-0.37081,0.48436,0,2,0.01742,0,2.6133,3.2403
95,3.0400,0.16082,-0.36993,0.49179,0,2,0.01765,0,2.6250,3.2287
96,3.0720,0.16252,-0.36901,0.50169,0,2,0.01784,0,2.6428,3.2109
97,3.1040,0.16421,-0.36808,0.50665,0,2,0.01655,0,2.6482,3.2055
98,3.1360,0.16584,-0.36717,0.51407,0,2,0.01751,0,2.6601,3.1936
99,3.1680,0.16757,-0.36618,0.52150,0,2,0.01768,0,2.6717,3.1820
100,3.2000,0.16919,-0.36524,0.52893,0,2,0.01742,0,2.6839,3.1698
101,3.2320,0.17085,-0.36426,0.53388,0,2,0.01659,0,2.6896,3.1641
102,3.2640,0.17251,-0.36328,0.53883,0,2,0.01666,0,2.6953,3.1584
103,3.2960,0.17411,-0.36231,0.54626,0,2,0.01684,0,2.7076,3.1461
104,3.3280,0.17576,-0.36131,0.55121,0,2,0.01719,0,2.7134,3.1402
105,3.3600,0.17740,-0.36029,0.55616,0,2,0.01726,0,2.7192,3.1344
106,3.3920,0.17904,-0.35927,0.56111,0,2,0.01752,0,2.7250,3.1286
107,3.4240,0.18067,-0.35824,0.56606,0,2,0.01741,0,2.7308,3.1229
108,3.4560,0.18230,-0.35720,0.57102,0,2,0.01669,0,2.7365,3.1172
109,3.4880,0.18392,-0.35615,0.57597,0,2,0.01730,0,2.7422,3.1115
110,3.5200,0.18554,-0.35509,0.58092,0,2,0.01717,0,2.7478,3.1059
111,3.5520,0.18715,-0.35403,0.58587,0,2,0.01721,0,2.7534,3.1003
112,3.5840,0.18870,-0.35299,0.58835,0,2,0.01676,0,2.7527,3.1009
113,3.6160,0.19031,-0.35192,0.59330,0,2,0.01696,0,2.7579,3.0958
114,3.6480,0.19191,-0.35083,0.59825,0,2,0.01749,0,2.7630,3.0907
115,3.6800,0.19350,-0.34974,0.60320,0,2,0.01663,0,2.7679,3.0857
116,3.7120,0.19504,-0.34868,0.60568,0,2,0.01706,0,2.7666,3.0870
117,3.7440,0.19662,-0.34758,0.61063,0,2,0.01710,0,2.7710,3.0827
118,3.7760,0.19820,-0.34647,0.61558,0,2,0.01759,0,2.7751,3.0785
119,3.8080,0.19972,-0.34539,0.61806,0,2,0.01787,0,2.7729,3.0808
120,3.8400,0.20129,-0.34427,0.62301,0,2,0.01951,0,2.7761,3.0775
121,3.8720,0.20286,-0.34313,0.62796,0,2,0.02053,0,2.7789,3.0747
122,3.9040,0.20442,-0.34200,0.62796,0,2,0.02244,0,2.7682,3.0854
123,3.9360,0.20598,-0.34086,0.63291,0,3,0.02535,0,2.7689,3.0847
124,3.9680,0.20754,-0.33972,0.63786,0,3,0.02446,0,-2.5468,2.5468
125,4.0000,0.20754,-0.33972,0.70223,0,3,0.02237,0,-2.3019,2.3019
126,4.0320,0.20749,-0.33976,0.75917,0,3,0.02089,0,-2.0833,2.0833
127,4.0640,0.20749,-0.33976,0.81364,0,3,0.02694,0,-1.8760,1.8760
128,4.0960,0.20753,-0.33971,0.86068,0,3,0.02750,0,-1.6987,1.6987
129,4.1280,0.20749,-0.33976,0.90277,0,3,0.02780,0,-1.5370,1.5370
130,4.1600,0.20749,-0.33976,0.94238,0,3,0.02764,0,-1.3863,1.3863
131,4.1920,0.20749,-0.33976,0.97704,0,3,0.02816,0,-1.2544,1.2544
132,4.2240,0.20753,-0.33971,1.00923,0,3,0.02746,0,-1.1331,1.1331
133,4.2560,0.20749,-0.33976,1.03646,0,3,0.02791,0,-1.0285,1.0285
134,4.2880,0.20752,-0.33971,1.06369,0,3,0.02811,0,-0.9258,0.9258
135,4.3200,0.20749,-0.33976,1.08598,0,3,0.02867,0,-0.8402,0.8402
136,4.3520,0.20752,-0.33971,1.10826,0,3,0.02718,0,-0.7561,0.7561
137,4.3840,0.20749,-0.33976,1.12559,0,3,0.02603,0,-0.6895,0.6895
138,4.4160,0.20752,-0.33970,1.14292,0,3,0.02588,0,-0.6242,0.6242
139,4.4480,0.20750,-0.33976,1.16025,0,3,0.02602,0,2.5550,3.2986
140,4.4800,0.20826,-0.33799,1.17015,0,3,0.02678,0,2.5695,3.2841
141,4.5120,0.20903,-0.33615,1.17758,0,3,0.02722,0,2.5774,3.2762
142,4.5440,0.20974,-0.33442,1.18501,0,3,0.02778,0,2.5860,3.2677
143,4.5760,0.21046,-0.33263,1.19491,0,3,0.02756,0,2.6004,3.2532
144,4.6080,0.21116,-0.33083,1.20481,0,3,0.02778,0,2.6151,3.2386
145,4.6400,0.21182,-0.32908,1.21224,0,3,0.02894,0,2.6238,3.2299
146,4.6720,0.21249,-0.32727,1.21719,0,3,0.02870,0,2.6257,3.2280
147,4.7040,0.21315,-0.32546,1.22710,0,3,0.03000,0,2.6401,3.2136
148,4.7360,0.21380,-0.32364,1.23205,0,3,0.03235,0,2.6418,3.2118
149,4.7680,0.21443,-0.32181,1.24195,0,3,0.03318,0,2.6560,3.1977
150,4.8000,0.21505,-0.31999,1.24690,0,3,0.03544,0,2.6575,3.1962
151,4.8320,0.21564,-0.31821,1.25433,0,3,0.03591,0,2.6654,3.1883
152,4.8640,0.21623,-0.31638,1.25928,0,3,0.03994,0,2.6663,3.1873
153,4.8960,0.21681,-0.31454,1.26918,0,3,0.04346,0,2.6796,3.1741
154,4.9280,0.21738,-0.31269,1.27413,0,3,0.04651,0,2.6801,3.1736
155,4.9600,0.21792,-0.31090,1.28156,0,3,0.04791,0,2.6868,3.1668
156,4.9920,0.21847,-0.30905,1.28651,0,3,0.04743,0,2.6864,3.1673
157,5.0240,0.21901,-0.30720,1.29147,0,3,0.04688,0,2.6852,3.1685
158,5.0560,0.21953,-0.30534,1.29642,0,3,0.04650,0,2.6830,3.1707
159,5.0880,0.22003,-0.30354,1.30384,0,3,0.04678,0,2.6867,3.1669
160,5.1200,0.22055,-0.30161,1.31127,0,3,0.04631,0,2.6885,3.1651
161,5.1520,0.22104,-0.29975,1.31622,0,3,0.04452,0,2.6833,3.1704
162,5.1840,0.22151,-0.29794,1.32365,0,4,0.04412,0,2.6833,3.1704
163,5.2160,0.22197,-0.29606,1.32860,0,4,0.04351,0,-0.7596,0.7596
164,5.2480,0.22197,-0.29606,1.34841,0,4,0.04423,0,-0.6843,0.6843
165,5.2800,0.22197,-0.29606,1.36326,0,4,0.04840,0,-0.6278,0.6278
166,5.3120,0.22197,-0.29606,1.38307,0,4,0.04989,0,2.5586,3.2951
167,5.3440,0.22232,-0.29423,1.39050,0,4,0.04997,0,2.5678,3.2859
168,5.3760,0.22265,-0.29233,1.40040,0,4,0.05323,0,2.5830,3.2707
169,5.4080,0.22298,-0.29036,1.40783,0,4,0.05485,0,2.5917,3.2620
170,5.4400,0.22328,-0.28852,1.41525,0,4,0.05438,0,2.6009,3.2527
171,5.4720,0.22357,-0.28661,1.42516,0,4,0.05281,0,2.6163,3.2374
172,5.5040,0.22383,-0.28476,1.43258,0,4,0.05292,0,2.6257,3.2279
173,5.5360,0.22410,-0.28278,1.44001,0,4,0.05329,0,2.6345,3.2191
174,5.5680,0.22434,-0.28093,1.44744,0,4,0.05359,0,2.6439,3.2097
175,5.6000,0.22457,-0.27901,1.45239,0,4,0.05601,0,2.6466,3.2070
176,5.6320,0.22479,-0.27709,1.46229,0,4,0.05605,0,2.6618,3.1918
177,5.6640,0.22499,-0.27517,1.46724,0,4,0.05742,0,2.6645,3.1892
178,5.6960,0.22518,-0.27332,1.47467,0,4,0.05633,0,2.6736,3.1801
179,5.7280,0.22536,-0.27139,1.47962,0,4,0.05418,0,2.6758,3.1778
180,5.7600,0.22553,-0.26947,1.48953,0,4,0.05497,0,2.6906,3.1630
181,5.7920,0.22568,-0.26754,1.49448,0,4,0.05694,0,2.6928,3.1609
182,5.8240,0.22582,-0.26562,1.49943,0,4,0.05733,0,2.6945,3.1591
183,5.8560,0.22595,-0.26369,1.50438,0,4,0.05729,0,2.6958,3.1578
184,5.8880,0.22607,-0.26183,1.51181,0,4,0.05746,0,2.7034,3.1502
185,5.9200,0.22618,-0.25990,1.51676,0,4,0.05914,0,2.7040,3.1497
186,5.9520,0.22628,-0.25797,1.52171,0,4,0.06018,0,2.7039,3.1497
187,5.9840,0.22637,-0.25604,1.52666,0,4,0.06063,0,2.7030,3.1506
188,6.0160,0.22645,-0.25418,1.53409,0,4,0.06083,0,2.7082,3.1455
189,6.0480,0.22651,-0.25225,1.53904,0,4,0.06229,0,2.7057,3.1479
190,6.0800,0.22657,-0.25032,1.54399,0,4,0.06091,0,2.7020,3.1517
191,6.1120,0.22661,-0.24839,1.54895,0,5,0.06370,0,2.6965,3.1571
192,6.1440,0.22665,-0.24652,1.55637,0,5,0.06327,0,2.8318,3.0219
193,6.1760,0.22668,-0.24453,1.55885,0,5,0.06491,0,2.8354,3.0182
194,6.2080,0.22670,-0.24266,1.56132,0,5,0.06614,0,2.8393,3.0144
195,6.2400,0.22671,-0.24073,1.56132,0,5,0.06852,0,2.8367,3.0170
196,6.2720,0.22673,-0.23880,1.56628,0,5,0.06839,0,2.8467,3.0069
197,6.3040,0.22674,-0.23687,1.56628,0,5,0.06876,0,2.8442,3.0094
198,6.3360,0.22674,-0.23500,1.56875,0,5,0.06654,0,2.8480,3.0056
199,6.3680,0.22674,-0.23300,1.57123,0,5,0.06448,0,2.8517,3.0019
200,6.4000,0.22674,-0.23114,1.57370,0,5,0.06413,0,2.8556,2.9981
201,6.4320,0.22673,-0.22921,1.57370,0,5,0.06530,0,2.8531,3.0006
202,6.4640,0.22672,-0.22727,1.57865,0,5,0.06756,0,2.8631,2.9905
203,6.4960,0.22671,-0.22534,1.57865,0,5,0.06870,0,2.8607,2.9930
204,6.5280,0.22669,-0.22348,1.58113,0,5,0.06911,0,2.8645,2.9891
205,6.5600,0.22667,-0.22155,1.58113,0,5,0.06910,0,2.8620,2.9917
206,6.5920,0.22665,-0.21962,1.58113,0,5,0.06881,0,2.8592,2.9945
207,6.6240,0.22663,-0.21768,1.58608,0,5,0.06942,0,2.8689,2.9847
208,6.6560,0.22660,-0.21575,1.58608,0,5,0.06965,0,2.8662,2.9875
209,6.6880,0.22657,-0.21389,1.58856,0,5,0.06997,0,2.8697,2.9839
210,6.7200,0.22653,-0.21196,1.58856,0,5,0.06985,0,2.8667,2.9869
211,6.7520,0.22649,-0.20996,1.59103,0,5,0.06946,0,2.8698,2.9839
212,6.7840,0.22645,-0.20809,1.59351,0,5,0.07314,0,2.8730,2.9806
213,6.8160,0.22641,-0.20616,1.59351,0,5,0.07258,0,2.8697,2.9840
214,6.8480,0.22637,-0.20430,1.59598,0,5,0.07391,0,2.8725,2.9811
215,6.8800,0.22632,-0.20237,1.59598,0,5,0.07257,0,2.8687,2.9850
216,6.9120,0.22627,-0.20044,1.59598,0,5,0.07339,0,2.8643,2.9894
217,6.9440,0.22622,-0.19851,1.60094,0,6,0.07290,0,2.8722,2.9814
218,6.9760,0.22616,-0.19658,1.60094,0,6,0.07319,0,2.9623,2.8914
219,7.0080,0.22610,-0.19465,1.60094,0,6,0.07184,0,2.9633,2.8904
220,7.0400,0.22605,-0.19278,1.59846,0,6,0.07311,0,2.9579,2.8958
221,7.0720,0.22599,-0.19085,1.59846,0,6,0.07321,0,2.9588,2.8949
222,7.1040,0.22594,-0.18892,1.59846,0,6,0.07290,0,2.9598,2.8939
223,7.1360,0.22588,-0.18699,1.59846,0,6,0.07372,0,2.9608,2.8929
224,7.1680,0.22584,-0.18512,1.59598,0,6,0.07282,0,2.9555,2.8982
225,7.2000,0.22579,-0.18319,1.59598,0,6,0.07327,0,2.9564,2.8972
226,7.2320,0.22574,-0.18126,1.59598,0,6,0.07476,0,2.9574,2.8962
227,7.2640,0.22569,-0.17933,1.59598,0,6,0.07376,0,2.9585,2.8951
228,7.2960,0.22565,-0.17740,1.59103,0,6,0.07192,0,2.9469,2.9068
229,7.3280,0.22561,-0.17547,1.59103,0,6,0.07421,0,2.9477,2.9060
230,7.3600,0.22557,-0.17354,1.59103,0,6,0.07378,0,2.9485,2.9052
231,7.3920,0.22553,-0.17161,1.59103,0,6,0.07614,0,2.9494,2.9043
232,7.4240,0.22549,-0.16974,1.58856,0,6,0.07480,0,2.9439,2.9097
233,7.4560,0.22546,-0.16781,1.58856,0,6,0.07407,0,2.9447,2.9090
234,7.4880,0.22542,-0.16588,1.58856,0,6,0.07503,0,2.9455,2.9081
235,7.5200,0.22539,-0.16395,1.58856,0,6,0.07547,0,2.9465,2.9072
236,7.5520,0.22536,-0.16202,1.58856,0,6,0.07448,0,2.9475,2.9062
237,7.5840,0.22533,-0.16015,1.58608,0,6,0.07506,0,2.9421,2.9115
238,7.6160,0.22530,-0.15822,1.58608,0,6,0.07516,0,2.9430,2.9106
239,7.6480,0.22527,-0.15629,1.58608,0,6,0.07216,0,2.9440,2.9096
240,7.6800,0.22524,-0.15436,1.58608,0,6,0.07332,0,2.9452,2.9085
241,7.7120,0.22521,-0.15243,1.58608,0,6,0.07287,0,2.9465,2.9072
242,7.7440,0.22518,-0.15050,1.58608,0,6,0.07361,0,2.9479,2.9057
243,7.7760,0.22515,-0.14863,1.58361,0,7,0.07284,0,2.9431,2.9106
244,7.8080,0.22513,-0.14670,1.58361,0,7,0.07292,0,2.9548,2.8988
245,7.8400,0.22510,-0.14477,1.58361,0,7,0.07366,0,2.9556,2.8980
246,7.8720,0.22508,-0.14284,1.58361,0,7,0.07476,0,2.9564,2.8972
247,7.9040,0.22506,-0.14097,1.58113,0,7,0.07631,0,2.9509,2.9027
248,7.9360,0.22504,-0.13904,1.58113,0,7,0.07470,0,2.9516,2.9020
249,7.9680,0.22502,-0.13711,1.58113,0,7,0.07247,0,2.9524,2.9013
250,8.0000,0.22500,-0.13518,1.58113,0,7,0.07204,0,2.9532,2.9004
251,8.0320,0.22498,-0.13325,1.58113,0,7,0.07340,0,2.9541,2.8996
252,8.0640,0.22496,-0.13138,1.57865,0,7,0.07303,0,2.9486,2.9050
253,8.0960,0.22494,-0.12945,1.57865,0,7,0.07416,0,2.9494,2.9043
254,8.1280,0.22493,-0.12752,1.57865,0,7,0.07301,0,2.9502,2.9034
255,8.1600,0.22491,-0.12559,1.57865,0,7,0.07224,0,2.9511,2.9025
256,8.1920,0.22490,-0.12372,1.57618,0,7,0.07264,0,2.9456,2.9080
257,8.2240,0.22489,-0.12179,1.57618,0,7,0.07280,0,2.9464,2.9072
258,8.2560,0.22488,-0.11986,1.57618,0,7,0.07166,0,2.9473,2.9064
259,8.2880,0.22487,-0.11793,1.57618,0,7,0.07212,0,2.9482,2.9055
260,8.3200,0.22486,-0.11600,1.57618,0,7,0.07280,0,2.9492,2.9045
261,8.3520,0.22485,-0.11413,1.57370,0,7,0.07343,0,2.9438,2.9098
262,8.3840,0.22485,-0.11220,1.57370,0,7,0.07276,0,2.9447,2.9089
263,8.4160,0.22484,-0.11027,1.57370,0,7,0.07126,0,2.9457,2.9080
264,8.4480,0.22483,-0.10834,1.57370,0,7,0.07077,0,2.9468,2.9069
265,8.4800,0.22483,-0.10641,1.57370,0,7,0.07131,0,2.9480,2.9056
266,8.5120,0.22483,-0.10454,1.57123,0,7,0.07238,0,2.9429,2.9108
267,8.5440,0.22483,-0.10261,1.57123,0,7,0.07161,0,2.9440,2.9097
268,8.5760,0.22482,-0.10068,1.57123,0,7,0.07054,0,2.9453,2.9084
269,8.6080,0.22482,-0.09875,1.57123,0,8,0.07108,0,2.9468,2.9069
270,8.6400,0.22482,-0.09682,1.57123,0,8,0.06997,0,2.9342,2.9195
271,8.6720,0.22482,-0.09488,1.57123,0,8,0.07050,0,2.9344,2.9193
272,8.7040,0.22482,-0.09302,1.56875,0,8,0.06967,0,2.9282,2.9254
273,8.7360,0.22483,-0.09109,1.56875,0,8,0.07218,0,2.9283,2.9254
274,8.7680,0.22483,-0.08916,1.56875,0,8,0.03854,0,2.9283,2.9253
275,8.8000,0.22484,-0.08722,1.56875,0,8,0.02809,0,2.9284,2.9253
276,8.8320,0.22484,-0.08536,1.57123,0,8,0.02714,0,2.9348,2.9189
277,8.8640,0.22484,-0.08343,1.57123,0,8,0.02764,0,2.9351,2.9186
278,8.8960,0.22483,-0.08150,1.57123,0,8,0.02691,0,2.9353,2.9183
279,8.9280,0.22483,-0.07956,1.57123,0,8,0.02671,0,2.9356,2.9180
280,8.9600,0.22484,-0.07770,1.56875,0,8,0.02701,0,2.9296,2.9241
281,8.9920,0.22484,-0.07577,1.56875,0,8,0.02552,0,2.9297,2.9240
282,9.0240,0.22484,-0.07384,1.56875,0,8,0.02688,0,2.9298,2.9239
283,9.0560,0.22485,-0.07190,1.56875,0,8,0.02629,0,2.9299,2.9238
284,9.0880,0.22485,-0.06997,1.56875,0,8,0.02510,0,2.9300,2.9236
285,9.1200,0.22486,-0.06804,1.56875,0,8,0.02633,0,2.9302,2.9235
286,9.1520,0.22486,-0.06611,1.56875,0,8,0.02697,0,2.9303,2.9233
287,9.1840,0.22486,-0.06418,1.56875,0,8,0.02474,0,2.9305,2.9232
288,9.2160,0.22487,-0.06225,1.56875,0,8,0.02618,0,2.9307,2.9230
289,9.2480,0.22487,-0.06045,1.56875,0,8,0.02573,0,2.9309,2.9228
290,9.2800,0.22487,-0.05852,1.56875,0,8,0.02608,0,2.9311,2.9225
291,9.3120,0.22488,-0.05658,1.56875,0,8,0.02756,0,2.9314,2.9223
292,9.3440,0.22488,-0.05465,1.56875,0,8,0.02595,0,2.9317,2.9220
293,9.3760,0.22489,-0.05272,1.56875,0,8,0.02692,0,2.9320,2.9216
294,9.4080,0.22489,-0.05079,1.56875,0,8,0.02657,0,2.9324,2.9213
295,9.4400,0.22489,-0.04886,1.56875,0,9,0.02671,0,2.9329,2.9208
296,9.4720,0.22490,-0.04693,1.56875,0,9,0.02789,0,2.9252,2.9284
297,9.5040,0.22490,-0.04500,1.56875,0,9,0.02685,0,2.9252,2.9285
298,9.5360,0.22491,-0.04313,1.56628,0,9,0.02674,0,2.9188,2.9349
299,9.5680,0.22492,-0.04120,1.56628,0,9,0.02641,0,2.9185,2.9351
300,9.6000,0.22492,-0.03933,1.56875,0,9,0.02695,0,2.9247,2.9290
301,9.6320,0.22493,-0.03740,1.56875,0,9,0.02580,0,2.9246,2.9291
302,9.6640,0.22493,-0.03547,1.56875,0,9,0.02622,0,2.9245,2.9291
303,9.6960,0.22494,-0.03354,1.56875,0,9,0.02644,0,2.9244,2.9292
304,9.7280,0.22494,-0.03161,1.56875,0,9,0.02661,0,2.9244,2.9293
305,9.7600,0.22494,-0.02968,1.56875,0,9,0.02708,0,2.9243,2.9294
306,9.7920,0.22495,-0.02775,1.56875,0,9,0.02607,0,2.9242,2.9295
307,9.8240,0.22495,-0.02582,1.56875,0,9,0.02664,0,2.9241,2.9296
308,9.8560,0.22496,-0.02388,1.56875,0,9,0.02641,0,2.9240,2.9297
309,9.8880,0.22496,-0.02195,1.56875,0,9,0.02581,0,2.9239,2.9298
310,9.9200,0.22496,-0.02015,1.56875,0,9,0.02628,0,2.9237,2.9299
311,9.9520,0.22497,-0.01822,1.56875,0,9,0.02672,0,2.9236,2.9301
312,9.9840,0.22497,-0.01629,1.56875,0,9,0.02688,0,2.9235,2.9302
313,10.0160,0.22497,-0.01436,1.56875,0,9,0.02657,0,2.9233,2.9304
314,10.0480,0.22498,-0.01243,1.56875,0,9,0.02689,0,2.9231,2.9306
315,10.0800,0.22498,-0.01050,1.56875,0,9,0.02616,0,2.9229,2.9308
316,10.1120,0.22499,-0.00856,1.56875,0,9,0.02650,0,2.9227,2.9310
317,10.1440,0.22499,-0.00663,1.56875,0,9,0.02747,0,2.9224,2.9312
318,10.1760,0.22499,-0.00477,1.57123,0,9,0.02694,0,2.9286,2.9250
319,10.2080,0.22499,-0.00284,1.57123,0,9,0.02608,0,2.9287,2.9249
320,10.2400,0.22499,-0.00090,1.57123,0,9,0.02592,0,2.9289,2.9248
321,10.2720,0.22499,0.00103,1.57123,0,10,0.02535,0,2.9291,2.9246
322,10.3040,0.22499,0.00289,1.56875,0,10,0.02591,0,-2.3143,2.3143
323,10.3360,0.22499,0.00289,1.62817,0,10,0.02513,0,-2.0883,2.0883
324,10.3680,0.22499,0.00296,1.68016,0,10,0.01953,0,-1.8918,1.8918
325,10.4000,0.22499,0.00289,1.72720,0,10,0.01797,0,-1.7116,1.7116
326,10.4320,0.22499,0.00289,1.77176,0,10,0.01729,0,-1.5420,1.5420
327,10.4640,0.22499,0.00289,1.81138,0,10,0.01699,0,-1.3913,1.3913
328,10.4960,0.22499,0.00289,1.84604,0,10,0.01760,0,-1.2594,1.2594
329,10.5280,0.22499,0.00289,1.87575,0,10,0.01697,0,-1.1464,1.1464
330,10.5600,0.22499,0.00289,1.90546,0,10,0.01735,0,-1.0333,1.0333
331,10.5920,0.22497,0.00295,1.93269,0,10,0.01738,0,-0.9304,0.9304
332,10.6240,0.22500,0.00289,1.95497,0,10,0.01713,0,-0.8450,0.8450
333,10.6560,0.22497,0.00295,1.97725,0,10,0.01677,0,-0.7608,0.7608
334,10.6880,0.22497,0.00295,1.99706,0,10,0.01789,0,-0.6854,0.6854
335,10.7200,0.22500,0.00290,2.01439,0,10,0.01821,0,-0.6190,0.6190
336,10.7520,0.22500,0.00290,2.02924,0,10,0.01752,0,2.5518,3.3018
337,10.7840,0.22413,0.00462,2.03915,0,10,0.01709,0,2.5688,3.2848
338,10.8160,0.22325,0.00634,2.04905,0,10,0.01773,0,2.5860,3.2676
339,10.8480,0.22236,0.00805,2.05400,0,10,0.01711,0,2.5907,3.2629
340,10.8800,0.22146,0.00976,2.06391,0,10,0.01765,0,2.6081,3.2456
341,10.9120,0.22057,0.01140,2.07133,0,10,0.01797,0,2.6195,3.2341
342,10.9440,0.21963,0.01309,2.08124,0,10,0.01713,0,2.6372,3.2164
343,10.9760,0.21868,0.01477,2.08619,0,10,0.01728,0,2.6424,3.2112
344,11.0080,0.21772,0.01645,2.09609,0,10,0.01718,0,2.6603,3.1933
345,11.0400,0.21675,0.01812,2.10104,0,10,0.01687,0,2.6658,3.1879
346,11.0720,0.21580,0.01972,2.10847,0,10,0.01783,0,2.6778,3.1759
347,11.1040,0.21481,0.02138,2.11342,0,10,0.01797,0,2.6833,3.1703
348,11.1360,0.21381,0.02303,2.11837,0,10,0.01702,0,2.6888,3.1648
349,11.1680,0.21279,0.02467,2.12828,0,10,0.01668,0,2.7071,3.1466
350,11.2000,0.21177,0.02631,2.13323,0,10,0.01677,0,2.7129,3.1408
351,11.2320,0.21073,0.02794,2.13818,0,10,0.01717,0,2.7187,3.1350
352,11.2640,0.20969,0.02957,2.14313,0,10,0.01763,0,2.7244,3.1293
353,11.2960,0.20868,0.03114,2.14561,0,10,0.01771,0,2.7240,3.1297
354,11.3280,0.20762,0.03275,2.15056,0,10,0.01684,0,2.7294,3.1242
355,11.3600,0.20660,0.03431,2.15798,0,10,0.01754,0,2.7414,3.1122
356,11.3920,0.20552,0.03592,2.16294,0,10,0.01721,0,2.7470,3.1066
357,11.4240,0.20444,0.03752,2.16789,0,10,0.01771,0,2.7526,3.1011
358,11.4560,0.20335,0.03911,2.17284,0,10,0.01721,0,2.7580,3.0956
359,11.4880,0.20225,0.04070,2.17779,0,10,0.01667,0,2.7634,3.0902
360,11.5200,0.20115,0.04229,2.17779,0,10,0.01719,0,2.7559,3.0977
361,11.5520,0.20005,0.04387,2.18274,0,10,0.01751,0,2.7605,3.0931
362,11.5840,0.19893,0.04545,2.18769,0,10,0.01747,0,2.7650,3.0887
363,11.6160,0.19781,0.04702,2.19265,0,10,0.01747,0,2.7692,3.0844
364,11.6480,0.19672,0.04854,2.19512,0,10,0.01709,0,2.7671,3.0866
365,11.6800,0.19559,0.05010,2.20007,0,10,0.01712,0,2.7705,3.0832
366,11.7120,0.19445,0.05166,2.20502,0,10,0.01710,0,2.7735,3.0802
367,11.7440,0.19334,0.05316,2.20750,0,10,0.01661,0,2.7699,3.0837
368,11.7760,0.19219,0.05471,2.21245,0,10,0.01712,0,2.7716,3.0821
369,11.8080,0.19103,0.05625,2.21740,0,11,0.01755,0,2.7725,3.0812
370,11.8400,0.18990,0.05774,2.21988,0,11,0.01684,0,2.6262,3.2274
371,11.8720,0.18869,0.05933,2.22731,0,11,0.01693,0,2.6387,3.2149
372,11.9040,0.18755,0.06080,2.23473,0,11,0.01812,0,2.6518,3.2019
373,11.9360,0.18631,0.06237,2.24216,0,11,0.01763,0,2.6646,3.1891
374,11.9680,0.18514,0.06383,2.24959,0,11,0.01723,0,2.6779,3.1757
375,12.0000,0.18393,0.06533,2.25454,0,11,0.01725,0,2.6849,3.1687
376,12.0320,0.18270,0.06682,2.25949,0,11,0.01723,0,2.6919,3.1617
377,12.0640,0.18151,0.06826,2.26692,0,11,0.01789,0,2.7055,3.1481
378,12.0960,0.18027,0.06974,2.27187,0,11,0.01687,0,2.7128,3.1409
379,12.1280,0.17902,0.07121,2.27682,0,11,0.01714,0,2.7201,3.1336
380,12.1600,0.17777,0.07268,2.28177,0,11,0.01716,0,2.7274,3.1262
381,12.1920,0.17650,0.07414,2.28672,0,11,0.01766,0,2.7348,3.1188
382,12.2240,0.17523,0.07559,2.29168,0,11,0.01651,0,2.7423,3.1113
383,12.2560,0.17395,0.07704,2.29663,0,11,0.01675,0,2.7499,3.1038
384,12.2880,0.17267,0.07848,2.30158,0,11,0.01665,0,2.7575,3.0962
385,12.3200,0.17142,0.07987,2.30405,0,11,0.01708,0,2.7590,3.0947
386,12.3520,0.17012,0.08130,2.30901,0,11,0.01718,0,2.7666,3.0871
387,12.3840,0.16882,0.08272,2.31396,0,11,0.01658,0,2.7742,3.0794
388,12.4160,0.16756,0.08410,2.31643,0,11,0.01680,0,2.7758,3.0779
389,12.4480,0.16624,0.08551,2.32139,0,11,0.01681,0,2.7835,3.0702
390,12.4800,0.16492,0.08692,2.32634,0,11,0.01726,0,2.7912,3.0624
391,12.5120,0.16364,0.08828,2.32881,0,11,0.01770,0,2.7929,3.0608
392,12.5440,0.16227,0.08973,2.33129,0,11,0.01740,0,2.7941,3.0596
393,12.5760,0.16093,0.09112,2.33624,0,11,0.01685,0,2.8017,3.0520
394,12.6080,0.15964,0.09247,2.33872,0,11,0.01709,0,2.8032,3.0505
395,12.6400,0.15829,0.09385,2.34367,0,11,0.01692,0,2.8108,3.0429
396,12.6720,0.15694,0.09523,2.34367,0,11,0.01751,0,2.8056,3.0480
397,12.7040,0.15559,0.09661,2.34862,0,11,0.01665,0,2.8129,3.0408
398,12.7360,0.15428,0.09794,2.35109,0,11,0.01735,0,2.8140,3.0397
399,12.7680,0.15287,0.09936,2.35357,0,11,0.01768,0,2.8145,3.0392
400,12.8000,0.15156,0.10068,2.35605,0,11,0.01728,0,2.8151,3.0386
401,12.8320,0.15019,0.10204,2.36100,0,11,0.01716,0,2.8217,3.0320
402,12.8640,0.14882,0.10340,2.36100,0,11,0.01754,0,2.8154,3.0383
403,12.8960,0.14749,0.10471,2.36347,0,11,0.01770,0,2.8150,3.0387
404,12.9280,0.14611,0.10606,2.36842,0,11,0.01741,0,2.8203,3.0333
405,12.9600,0.14473,0.10741,2.36842,0,11,0.01718,0,2.8126,3.0411
406,12.9920,0.14334,0.10876,2.37338,0,12,0.01738,0,2.8166,3.0371
407,13.0240,0.14200,0.11005,2.37585,0,12,0.01714,0,2.9373,2.9164
408,13.0560,0.14060,0.11139,2.37585,0,12,0.01800,0,2.9375,2.9162
409,13.0880,0.13921,0.11273,2.37585,0,12,0.01785,0,2.9377,2.9159
410,13.1200,0.13782,0.11407,2.37585,0,12,0.01741,0,2.9380,2.9157
411,13.1520,0.13643,0.11541,2.37585,0,12,0.01781,0,2.9382,2.9154
412,13.1840,0.13504,0.11675,2.37585,0,12,0.01716,0,2.9385,2.9152
413,13.2160,0.13369,0.11804,2.37338,0,12,0.01639,0,2.9324,2.9213
414,13.2480,0.13230,0.11938,2.37338,0,12,0.01690,0,2.9325,2.9211
415,13.2800,0.13091,0.12073,2.37338,0,12,0.01739,0,2.9327,2.9210
416,13.3120,0.12953,0.12207,2.37338,0,12,0.01724,0,2.9328,2.9208
417,13.3440,0.12814,0.12341,2.37338,0,12,0.01686,0,2.9330,2.9207
418,13.3760,0.12675,0.12475,2.37338,0,12,0.01675,0,2.9331,2.9205
419,13.4080,0.12536,0.12609,2.37338,0,12,0.01744,0,2.9333,2.9204
420,13.4400,0.12402,0.12739,2.37090,0,12,0.01721,0,2.9271,2.9265
421,13.4720,0.12263,0.12874,2.37090,0,12,0.01751,0,2.9271,2.9265
422,13.5040,0.12129,0.13004,2.37338,0,12,0.01831,0,2.9335,2.9202
423,13.5360,0.11990,0.13138,2.37338,0,12,0.01731,0,2.9337,2.9199
424,13.5680,0.11852,0.13272,2.37338,0,12,0.01694,0,2.9339,2.9197
425,13.6000,0.11713,0.13406,2.37338,0,12,0.01687,0,2.9342,2.9195
426,13.6320,0.11574,0.13540,2.37338,0,12,0.01693,0,2.9344,2.9192
427,13.6640,0.11435,0.13674,2.37338,0,12,0.01688,0,2.9347,2.9190
428,13.6960,0.11301,0.13804,2.37090,0,12,0.01666,0,2.9286,2.9251
429,13.7280,0.11162,0.13939,2.37090,0,12,0.01686,0,2.9286,2.9250
430,13.7600,0.11024,0.14073,2.37090,0,12,0.01693,0,2.9287,2.9250
431,13.7920,0.10885,0.14208,2.37090,0,12,0.01681,0,2.9288,2.9249
432,13.8240,0.10747,0.14342,2.37090,0,12,0.01703,0,2.9289,2.9248
433,13.8560,0.10608,0.14477,2.37090,0,12,0.01732,0,2.9290,2.9247
434,13.8880,0.10470,0.14611,2.37090,0,12,0.01715,0,2.9291,2.9246
435,13.9200,0.10331,0.14746,2.37090,0,12,0.01648,0,2.9292,2.9245
436,13.9520,0.10197,0.14876,2.37338,0,12,0.01709,0,2.9357,2.9179
437,13.9840,0.10063,0.15006,2.37090,0,12,0.01732,0,2.9297,2.9239
438,14.0160,0.09924,0.15140,2.37090,0,12,0.01735,0,2.9299,2.9238
439,14.0480,0.09786,0.15275,2.37090,0,12,0.01726,0,2.9301,2.9236
440,14.0800,0.09647,0.15409,2.37090,0,12,0.01685,0,2.9303,2.9234
441,14.1120,0.09509,0.15544,2.37090,0,12,0.01692,0,2.9305,2.9231
442,14.1440,0.09370,0.15678,2.37090,0,12,0.01651,0,2.9308,2.9229
443,14.1760,0.09232,0.15813,2.37090,0,13,0.01792,0,2.9311,2.9225
444,14.2080,0.09093,0.15947,2.37090,0,13,0.01768,0,2.9563,2.8973
445,14.2400,0.08959,0.16078,2.36842,0,13,0.01708,0,2.9506,2.9031
446,14.2720,0.08821,0.16213,2.36842,0,13,0.01761,0,2.9511,2.9026
447,14.3040,0.08683,0.16347,2.36842,0,13,0.01738,0,2.9516,2.9020
448,14.3360,0.08545,0.16482,2.36842,0,13,0.01662,0,2.9522,2.9015
449,14.3680,0.08406,0.16617,2.36842,0,13,0.01701,0,2.9528,2.9009
450,14.4000,0.08273,0.16748,2.36595,0,13,0.01654,0,2.9470,2.9066
451,14.4320,0.08135,0.16883,2.36595,0,13,0.01724,0,2.9475,2.9061
452,14.4640,0.07997,0.17018,2.36595,0,13,0.01671,0,2.9480,2.9056
453,14.4960,0.07859,0.17153,2.36595,0,13,0.01659,0,2.9486,2.9051
454,14.5280,0.07726,0.17284,2.36347,0,13,0.01695,0,2.9428,2.9109
455,14.5600,0.07589,0.17420,2.36347,0,13,0.01672,0,2.9432,2.9105
456,14.5920,0.07451,0.17555,2.36347,0,13,0.01751,0,2.9436,2.9100
457,14.6240,0.07314,0.17691,2.36347,0,13,0.01733,0,2.9441,2.9095
458,14.6560,0.07176,0.17826,2.36347,0,13,0.01684,0,2.9446,2.9090
459,14.6880,0.07039,0.17962,2.36347,0,13,0.01728,0,2.9452,2.9085
460,14.7200,0.06906,0.18093,2.36100,0,13,0.01757,0,2.9393,2.9143
461,14.7520,0.06769,0.18229,2.36100,0,13,0.01703,0,2.9397,2.9139
462,14.7840,0.06631,0.18365,2.36100,0,13,0.01652,0,2.9402,2.9135
463,14.8160,0.06494,0.18501,2.36100,0,13,0.01698,0,2.9406,2.9130
464,14.8480,0.06357,0.18637,2.36100,0,13,0.01659,0,2.9411,2.9126
465,14.8800,0.06220,0.18773,2.36100,0,13,0.01671,0,2.9416,2.9120
466,14.9120,0.06087,0.18904,2.35852,0,13,0.01762,0,2.9358,2.9179
467,14.9440,0.05950,0.19040,2.35852,0,13,0.01690,0,2.9361,2.9175
468,14.9760,0.05814,0.19177,2.35852,0,13,0.01769,0,2.9365,2.9171
469,15.0080,0.05677,0.19313,2.35852,0,13,0.01687,0,2.9369,2.9167
470,15.0400,0.05540,0.19449,2.35852,0,13,0.01681,0,2.9374,2.9163
471,15.0720,0.05403,0.19585,2.35852,0,13,0.01688,0,2.9379,2.9158
472,15.1040,0.05266,0.19721,2.35852,0,13,0.01740,0,2.9384,2.9152
473,15.1360,0.05134,0.19853,2.35605,0,13,0.01718,0,2.9326,2.9211
474,15.1680,0.05002,0.19985,2.35852,0,13,0.01741,0,2.9393,2.9144
475,15.2000,0.04865,0.20121,2.35852,0,13,0.01702,0,2.9400,2.9136
476,15.2320,0.04728,0.20258,2.35852,0,13,0.01744,0,2.9408,2.9128
477,15.2640,0.04591,0.20394,2.35852,0,13,0.01722,0,2.9417,2.9119
478,15.2960,0.04454,0.20530,2.35852,0,13,0.01700,0,2.9428,2.9109
479,15.3280,0.04322,0.20662,2.35605,0,13,0.01688,0,2.9374,2.9162
480,15.3600,0.04186,0.20799,2.35605,0,14,0.01750,0,2.9383,2.9154
481,15.3920,0.04049,0.20935,2.35605,0,14,0.01732,0,2.9295,2.9242
482,15.4240,0.03913,0.21072,2.35605,0,14,0.01708,0,2.9296,2.9241
483,15.4560,0.03776,0.21208,2.35605,0,14,0.01736,0,2.9296,2.9240
484,15.4880,0.03640,0.21345,2.35605,0,14,0.01807,0,2.9297,2.9240
485,15.5200,0.03503,0.21481,2.35605,0,14,0.01804,0,2.9297,2.9239
486,15.5520,0.03366,0.21618,2.35605,0,14,0.01720,0,2.9298,2.9238
487,15.5840,0.03235,0.21750,2.35357,0,14,0.01761,0,2.9235,2.9301
488,15.6160,0.03098,0.21887,2.35357,0,14,0.01692,0,2.9234,2.9302
489,15.6480,0.02962,0.22024,2.35357,0,14,0.01771,0,2.9234,2.9303
490,15.6800,0.02830,0.22156,2.35605,0,14,0.01743,0,2.9296,2.9240
491,15.7120,0.02694,0.22293,2.35605,0,14,0.01666,0,2.9297,2.9240
492,15.7440,0.02557,0.22429,2.35605,0,14,0.01717,0,2.9298,2.9239
493,15.7760,0.02421,0.22566,2.35605,0,14,0.01677,0,2.9299,2.9238
494,15.8080,0.02284,0.22702,2.35605,0,14,0.01652,0,2.9300,2.9237
495,15.8400,0.02148,0.22839,2.35605,0,14,0.01727,0,2.9300,2.9236
496,15.8720,0.02016,0.22971,2.35357,0,14,0.01669,0,2.9238,2.9299
497,15.9040,0.01880,0.23108,2.35357,0,14,0.01701,0,2.9237,2.9300
498,15.9360,0.01744,0.23245,2.35357,0,14,0.01719,0,2.9236,2.9301
499,15.9680,0.01607,0.23382,2.35357,0,14,0.01733,0,2.9235,2.9302
500,16.0000,0.01476,0.23514,2.35605,0,14,0.01721,0,2.9297,2.9239
501,16.0320,0.01339,0.23651,2.35605,0,14,0.01661,0,2.9298,2.9238
502,16.0640,0.01203,0.23787,2.35605,0,14,0.01726,0,2.9299,2.9237
503,16.0960,0.01066,0.23924,2.35605,0,14,0.01738,0,2.9301,2.9236
504,16.1280,0.00930,0.24060,2.35605,0,14,0.01685,0,2.9302,2.9235
505,16.1600,0.00793,0.24197,2.35605,0,14,0.01768,0,2.9303,2.9233
506,16.1920,0.00661,0.24329,2.35357,0,14,0.01815,0,2.9241,2.9296
507,16.2240,0.00525,0.24466,2.35357,0,14,0.01763,0,2.9239,2.9297
508,16.2560,0.00389,0.24603,2.35357,0,14,0.01698,0,2.9238,2.9298
509,16.2880,0.00253,0.24740,2.35357,0,14,0.01675,0,2.9237,2.9300
510,16.3200,0.00116,0.24877,2.35357,0,14,0.01790,0,2.9235,2.9302
511,16.3520,-0.00015,0.25009,2.35605,0,14,0.01754,0,2.9298,2.9239
512,16.3840,-0.00152,0.25145,2.35605,0,14,0.01724,0,2.9299,2.9237
513,16.4160,-0.00288,0.25282,2.35605,0,14,0.01736,0,2.9301,2.9235
514,16.4480,-0.00425,0.25419,2.35605,0,14,0.01769,0,2.9303,2.9233
515,16.4800,-0.00562,0.25555,2.35605,0,14,0.01716,0,2.9306,2.9231
516,16.5120,-0.00698,0.25692,2.35605,0,14,0.01819,0,2.9309,2.9228
517,16.5440,-0.00830,0.25824,2.35357,0,15,0.01761,0,2.9247,2.9290
518,16.5760,-0.00966,0.25961,2.35357,0,15,0.01667,0,2.9212,2.9325
519,16.6080,-0.01102,0.26098,2.35357,0,15,0.01738,0,2.9211,2.9326
520,16.6400,-0.01238,0.26235,2.35357,0,15,0.01755,0,2.9209,2.9327
521,16.6720,-0.01370,0.26367,2.35605,0,15,0.01778,0,2.9272,2.9265
522,16.7040,-0.01507,0.26503,2.35605,0,15,0.01706,0,2.9272,2.9265
523,16.7360,-0.01643,0.26640,2.35605,0,15,0.01716,0,2.9272,2.9265
524,16.7680,-0.01780,0.26777,2.35605,0,15,0.01669,0,2.9272,2.9265
525,16.8000,-0.01916,0.26913,2.35605,0,15,0.01692,0,2.9272,2.9265
526,16.8320,-0.02053,0.27050,2.35605,0,15,0.01832,0,2.9272,2.9265
527,16.8640,-0.02189,0.27186,2.35605,0,15,0.01763,0,2.9272,2.9264
528,16.8960,-0.02321,0.27318,2.35357,0,15,0.01727,0,2.9209,2.9328
529,16.9280,-0.02457,0.27455,2.35357,0,15,0.01802,0,2.9207,2.9330
530,16.9600,-0.02594,0.27592,2.35357,0,15,0.01766,0,2.9205,2.9331
531,16.9920,-0.02725,0.27724,2.35605,0,15,0.01690,0,2.9267,2.9269
532,17.0240,-0.02862,0.27861,2.35605,0,15,0.01767,0,2.9267,2.9269
533,17.0560,-0.02998,0.27998,2.35605,0,15,0.01710,0,2.9267,2.9269
534,17.0880,-0.03135,0.28134,2.35605,0,15,0.01725,0,2.9267,2.9269
535,17.1200,-0.03272,0.28271,2.35605,0,15,0.01741,0,2.9267,2.9270
536,17.1520,-0.03408,0.28407,2.35605,0,15,0.01721,0,2.9267,2.9270
537,17.1840,-0.03545,0.28544,2.35605,0,15,0.01756,0,2.9267,2.9270
538,17.2160,-0.03681,0.28680,2.35605,0,15,0.01717,0,2.9267,2.9270
539,17.2480,-0.03813,0.28813,2.35357,0,15,0.01694,0,2.9203,2.9334
540,17.2800,-0.03945,0.28945,2.35605,0,15,0.01729,0,2.9264,2.9272
541,17.3120,-0.04081,0.29081,2.35605,0,15,0.01717,0,2.9264,2.9272
542,17.3440,-0.04218,0.29218,2.35605,0,15,0.01678,0,2.9264,2.9272
543,17.3760,-0.04354,0.29354,2.35605,0,15,0.01725,0,2.9264,2.9273
544,17.4080,-0.04491,0.29491,2.35605,0,15,0.01742,0,2.9264,2.9273
545,17.4400,-0.04627,0.29628,2.35605,0,15,0.01690,0,2.9264,2.9273
546,17.4720,-0.04764,0.29764,2.35605,0,15,0.01726,0,2.9263,2.9273
547,17.5040,-0.04900,0.29901,2.35605,0,15,0.01773,0,2.9263,2.9273
548,17.5360,-0.05037,0.30037,2.35605,0,15,0.01761,0,2.9263,2.9274
549,17.5680,-0.05174,0.30174,2.35605,0,15,0.01707,0,2.9262,2.9274
550,17.6000,-0.05301,0.30301,2.35605,0,15,0.01703,0,2.9262,2.9274
551,17.6320,-0.05437,0.30438,2.35605,0,15,0.01703,0,2.9262,2.9275
552,17.6640,-0.05574,0.30575,2.35605,0,15,0.01720,0,2.9261,2.9275
553,17.6960,-0.05711,0.30711,2.35605,0,15,0.01742,0,2.9261,2.9276
554,17.7280,-0.05847,0.30848,2.35605,0,16,0.01765,0,2.9260,2.9276
555,17.7600,-0.05984,0.30984,2.35605,0,16,0.01700,0,2.1178,-2.1178
556,17.7920,-0.05984,0.30984,2.30158,0,16,0.01751,0,1.9105,-1.9105
557,17.8240,-0.05979,0.30979,2.25454,0,16,0.01729,0,1.7299,-1.7299
558,17.8560,-0.05983,0.30984,2.21245,0,16,0.01789,0,1.5713,-1.5713
559,17.8880,-0.05983,0.30984,2.17284,0,16,0.01719,0,1.4205,-1.4205
560,17.9200,-0.05983,0.30984,2.13323,0,16,0.01726,0,1.2698,-1.2698
561,17.9520,-0.05983,0.30984,2.10352,0,16,0.01688,0,1.1568,-1.1568
562,17.9840,-0.05983,0.30984,2.07381,0,16,0.01750,0,1.0437,-1.0437
563,18.0160,-0.05983,0.30984,2.04905,0,16,0.01677,0,0.9495,-0.9495
564,18.0480,-0.05983,0.30984,2.02429,0,16,0.01661,0,0.8553,-0.8553
565,18.0800,-0.05983,0.30984,2.00449,0,16,0.01739,0,0.7800,-0.7800
566,18.1120,-0.05983,0.30984,1.98468,0,16,0.01755,0,0.7046,-0.7046
567,18.1440,-0.05983,0.30984,1.96487,0,16,0.01736,0,0.6293,-0.6293
568,18.1760,-0.05983,0.30984,1.95002,0,16,0.01666,0,0.5727,-0.5727
569,18.2080,-0.05983,0.30984,1.93517,0,16,0.01670,0,3.2710,2.5827
570,18.2400,-0.06051,0.31165,1.92526,0,16,0.01690,0,3.2557,2.5980
571,18.2720,-0.06115,0.31340,1.91783,0,16,0.01699,0,3.2463,2.6074
572,18.3040,-0.06180,0.31522,1.90793,0,16,0.01681,0,3.2308,2.6229
573,18.3360,-0.06244,0.31705,1.90298,0,16,0.01703,0,3.2279,2.6257
574,18.3680,-0.06306,0.31888,1.89308,0,16,0.01711,0,3.2125,2.6412
575,18.4000,-0.06366,0.32071,1.88813,0,16,0.01709,0,3.2096,2.6440
576,18.4320,-0.06424,0.32249,1.88070,0,16,0.01654,0,3.2003,2.6534
577,18.4640,-0.06484,0.32439,1.87327,0,16,0.01700,0,3.1916,2.6620
578,18.4960,-0.06539,0.32617,1.86584,0,16,0.01722,0,3.1824,2.6713
579,18.5280,-0.06595,0.32802,1.86089,0,16,0.01708,0,3.1799,2.6738
580,18.5600,-0.06648,0.32981,1.85346,0,16,0.01688,0,3.1709,2.6828
581,18.5920,-0.06702,0.33173,1.84604,0,16,0.01711,0,3.1627,2.6910
582,18.6240,-0.06755,0.33359,1.84109,0,16,0.01752,0,3.1606,2.6930
583,18.6560,-0.06804,0.33539,1.83366,0,16,0.01743,0,3.1522,2.7015
584,18.6880,-0.06853,0.33726,1.82871,0,16,0.01742,0,3.1507,2.7030
585,18.7200,-0.06902,0.33913,1.82376,0,16,0.01676,0,3.1496,2.7040
586,18.7520,-0.06950,0.34100,1.81880,0,16,0.01698,0,3.1492,2.7044
587,18.7840,-0.06997,0.34287,1.81385,0,16,0.01743,0,3.1495,2.7042
588,18.8160,-0.07041,0.34468,1.80643,0,16,0.01720,0,3.1436,2.7101
589,18.8480,-0.07086,0.34656,1.80147,0,16,0.01678,0,3.1452,2.7085
590,18.8800,-0.07130,0.34844,1.79652,0,16,0.01654,0,3.1479,2.7058
591,18.9120,-0.07172,0.35033,1.79157,0,17,0.01783,0,3.1519,2.7017
592,18.9440,-0.07213,0.35215,1.78414,0,17,0.01678,0,-3.6128,3.6128
593,18.9760,-0.07214,0.35221,1.87575,0,17,0.01692,0,-3.2676,3.2676
594,19.0080,-0.07212,0.35215,1.95745,0,17,0.01731,0,-2.9536,2.9536
595,19.0400,-0.07212,0.35215,2.03172,0,17,0.01709,0,-2.6710,2.6710
596,19.0720,-0.07212,0.35215,2.10104,0,17,0.01815,0,-2.4073,2.4073
597,19.1040,-0.07212,0.35215,2.16046,0,17,0.01736,0,-2.1812,2.1812
598,19.1360,-0.07212,0.35215,2.21493,0,17,0.01704,0,-1.9739,1.9739
599,19.1680,-0.07212,0.35215,2.26444,0,17,0.01706,0,-1.7855,1.7855
600,19.2000,-0.07216,0.35220,2.31148,0,17,0.01703,0,-1.6084,1.6084
601,19.2320,-0.07216,0.35220,2.35109,0,17,0.01723,0,-1.4577,1.4577
602,19.2640,-0.07212,0.35215,2.38823,0,17,0.01741,0,-1.3149,1.3149
603,19.2960,-0.07216,0.35220,2.42042,0,17,0.01750,0,-1.1938,1.1938
604,19.3280,-0.07211,0.35216,2.45260,0,17,0.01727,0,-1.0701,1.0701
605,19.3600,-0.07211,0.35216,2.47736,0,17,0.01733,0,-0.9759,0.9759
606,19.3920,-0.07211,0.35216,2.50212,0,17,0.01739,0,-0.8817,0.8817
607,19.4240,-0.07217,0.35219,2.52440,0,17,0.01722,0,-0.7978,0.7978
608,19.4560,-0.07211,0.35216,2.54668,0,17,0.01762,0,-0.7122,0.7122
609,19.4880,-0.07217,0.35219,2.56401,0,17,0.01706,0,-0.6470,0.6470
610,19.5200,-0.07217,0.35219,2.57887,0,17,0.01705,0,-0.5905,0.5905
611,19.5520,-0.07217,0.35219,2.59372,0,17,0.01650,0,2.5708,3.2828
612,19.5840,-0.07382,0.35319,2.60362,0,17,0.01674,0,2.5841,3.2696
613,19.6160,-0.07543,0.35414,2.61105,0,17,0.01658,0,2.5914,3.2623
614,19.6480,-0.07710,0.35511,2.62095,0,17,0.01798,0,2.6045,3.2492
615,19.6800,-0.07872,0.35603,2.62838,0,17,0.01764,0,2.6117,3.2420
616,19.7120,-0.08046,0.35701,2.63581,0,17,0.01724,0,2.6179,3.2358
617,19.7440,-0.08210,0.35790,2.64324,0,17,0.01674,0,2.6246,3.2290
618,19.7760,-0.08380,0.35882,2.65314,0,17,0.01742,0,2.6371,3.2165
619,19.8080,-0.08551,0.35972,2.65809,0,17,0.01777,0,2.6368,3.2169
620,19.8400,-0.08722,0.36061,2.66799,0,17,0.01760,0,2.6487,3.2050
621,19.8720,-0.08894,0.36149,2.67294,0,17,0.01745,0,2.6476,3.2060
622,19.9040,-0.09061,0.36232,2.68037,0,17,0.01745,0,2.6528,3.2009
623,19.9360,-0.09234,0.36318,2.68532,0,17,0.01717,0,2.6505,3.2032
624,19.9680,-0.09408,0.36402,2.69523,0,17,0.01663,0,2.6601,3.1936
625,20.0000,-0.09582,0.36485,2.70018,0,17,0.01737,0,2.6564,3.1973
626,20.0320,-0.09751,0.36564,2.70761,0,17,0.01755,0,2.6585,3.1952
627,20.0640,-0.09933,0.36647,2.71503,0,17,0.01673,0,2.6583,3.1954
628,20.0960,-0.10103,0.36724,2.72246,0,17,0.01702,0,2.6579,3.1957
629,20.1280,-0.10280,0.36802,2.72741,0,18,0.01665,0,2.6487,3.2049
630,20.1600,-0.10451,0.36877,2.73484,0,18,0.01658,0,-1.2120,1.2120
631,20.1920,-0.10457,0.36879,2.76702,0,18,0.01746,0,-1.0906,1.0906
632,20.2240,-0.10457,0.36879,2.79178,0,18,0.01694,0,-0.9964,0.9964
633,20.2560,-0.10451,0.36877,2.81901,0,18,0.01794,0,-0.8919,0.8919
634,20.2880,-0.10457,0.36879,2.84130,0,18,0.01778,0,-0.8079,0.8079
635,20.3200,-0.10457,0.36879,2.86110,0,18,0.01798,0,-0.7325,0.7325
636,20.3520,-0.10457,0.36879,2.88091,0,18,0.01755,0,-0.6572,0.6572
637,20.3840,-0.10457,0.36879,2.89576,0,18,0.01711,0,-0.6007,0.6007
638,20.4160,-0.10457,0.36879,2.91062,0,18,0.01711,0,2.5641,3.2896
639,20.4480,-0.10645,0.36922,2.92052,0,18,0.01786,0,2.5794,3.2743
640,20.4800,-0.10827,0.36962,2.92795,0,18,0.01709,0,2.5888,3.2648
641,20.5120,-0.11016,0.37002,2.93785,0,18,0.01725,0,2.6043,3.2493
642,20.5440,-0.11206,0.37041,2.94775,0,18,0.01714,0,2.6200,3.2337
643,20.5760,-0.11395,0.37077,2.95271,0,18,0.01755,0,2.6231,3.2306
644,20.6080,-0.11585,0.37113,2.96261,0,18,0.01660,0,2.6387,3.2149
645,20.6400,-0.11769,0.37145,2.97004,0,18,0.01720,0,2.6485,3.2051
646,20.6720,-0.11959,0.37178,2.97499,0,18,0.01674,0,2.6516,3.2020
647,20.7040,-0.12150,0.37209,2.98489,0,18,0.01757,0,2.6673,3.1864
648,20.7360,-0.12341,0.37238,2.98984,0,18,0.01636,0,2.6704,3.1832
649,20.7680,-0.12532,0.37267,2.99479,0,18,0.01729,0,2.6733,3.1804
650,20.8000,-0.12716,0.37294,3.00222,0,18,0.01725,0,2.6826,3.1710
651,20.8320,-0.12908,0.37320,3.00717,0,18,0.01776,0,2.6852,3.1685
652,20.8640,-0.13099,0.37345,3.01212,0,18,0.01797,0,2.6874,3.1662
653,20.8960,-0.13291,0.37369,3.02203,0,18,0.01777,0,2.7022,3.1515
654,20.9280,-0.13482,0.37392,3.02698,0,18,0.01734,0,2.7043,3.1494
655,20.9600,-0.13674,0.37414,3.03193,0,18,0.01699,0,2.7059,3.1477
656,20.9920,-0.13866,0.37434,3.03688,0,18,0.01713,0,2.7071,3.1466
657,21.0240,-0.14052,0.37453,3.04431,0,18,0.01700,0,2.7146,3.1391
658,21.0560,-0.14244,0.37471,3.04926,0,18,0.01641,0,2.7149,3.1387
659,21.0880,-0.14437,0.37489,3.05421,0,18,0.01827,0,2.7145,3.1391
660,21.1200,-0.14629,0.37505,3.05916,0,18,0.01679,0,2.7132,3.1404
661,21.1520,-0.14822,0.37521,3.06412,0,18,0.01760,0,2.7109,3.1428
662,21.1840,-0.15008,0.37534,3.07154,0,19,0.01720,0,2.7143,3.1394
663,21.2160,-0.15200,0.37547,3.07649,0,19,0.01770,0,2.0205,-2.0205
664,21.2480,-0.15194,0.37547,3.02450,0,19,0.01753,0,1.8214,-1.8214
665,21.2800,-0.15200,0.37548,2.97746,0,19,0.01784,0,1.6436,-1.6436
666,21.3120,-0.15200,0.37548,2.93785,0,19,0.01806,0,1.4929,-1.4929
667,21.3440,-0.15200,0.37548,2.89824,0,19,0.01802,0,1.3422,-1.3422
668,21.3760,-0.15200,0.37548,2.86358,0,19,0.01786,0,1.2103,-1.2103
669,21.4080,-0.15200,0.37548,2.83387,0,19,0.01769,0,1.0973,-1.0973
670,21.4400,-0.15194,0.37546,2.80664,0,19,0.01687,0,0.9929,-0.9929
671,21.4720,-0.15194,0.37546,2.78188,0,19,0.01726,0,0.8987,-0.8987
672,21.5040,-0.15200,0.37548,2.75960,0,19,0.01718,0,0.8145,-0.8145
673,21.5360,-0.15200,0.37548,2.73979,0,19,0.01705,0,0.7392,-0.7392
674,21.5680,-0.15200,0.37548,2.71998,0,19,0.01686,0,0.6638,-0.6638
675,21.6000,-0.15200,0.37548,2.70513,0,19,0.01652,0,0.6073,-0.6073
676,21.6320,-0.15194,0.37545,2.68780,0,19,0.01674,0,3.2875,2.5662
677,21.6640,-0.15373,0.37633,2.68037,0,19,0.01787,0,3.2767,2.5770
678,21.6960,-0.15546,0.37720,2.67047,0,19,0.01772,0,3.2593,2.5944
679,21.7280,-0.15712,0.37805,2.66304,0,19,0.01686,0,3.2477,2.6059
680,21.7600,-0.15883,0.37895,2.65314,0,19,0.01675,0,3.2300,2.6237
681,21.7920,-0.16047,0.37983,2.64571,0,19,0.01674,0,3.2181,2.6356
682,21.8240,-0.16223,0.38079,2.63828,0,19,0.01762,0,3.2066,2.6471
683,21.8560,-0.16386,0.38170,2.63086,0,19,0.01786,0,3.1944,2.6592
684,21.8880,-0.16554,0.38264,2.62590,0,19,0.01770,0,3.1888,2.6649
685,21.9200,-0.16722,0.38361,2.61600,0,19,0.01776,0,3.1704,2.6832
686,21.9520,-0.16888,0.38458,2.61105,0,19,0.01831,0,3.1645,2.6892
687,21.9840,-0.17055,0.38556,2.60610,0,19,0.01979,0,3.1586,2.6951
688,22.0160,-0.17220,0.38655,2.60115,0,19,0.02082,0,3.1526,2.7010
689,22.0480,-0.17380,0.38752,2.59372,0,19,0.02291,0,3.1402,2.7135
690,22.0800,-0.17545,0.38853,2.58877,0,19,0.02498,0,3.1341,2.7196
691,22.1120,-0.17709,0.38954,2.58382,0,19,0.02460,0,3.1280,2.7256
692,22.1440,-0.17872,0.39057,2.57887,0,19,0.02751,0,3.1220,2.7317
693,22.1760,-0.18036,0.39160,2.57391,0,19,0.02608,0,3.1160,2.7377
694,22.2080,-0.18198,0.39265,2.56896,0,19,0.02824,0,3.1100,2.7437
695,22.2400,-0.18355,0.39366,2.56649,0,19,0.02851,0,3.1102,2.7435
696,22.2720,-0.18517,0.39471,2.56153,0,19,0.02881,0,3.1044,2.7492
697,22.3040,-0.18678,0.39578,2.55658,0,19,0.02842,0,3.0987,2.7549
698,22.3360,-0.18839,0.39685,2.55163,0,19,0.03067,0,3.0931,2.7606
699,22.3680,-0.18999,0.39793,2.54668,0,19,0.03253,0,3.0875,2.7661
700,22.4000,-0.19153,0.39897,2.54420,0,19,0.03506,0,3.0882,2.7655
701,22.4320,-0.19313,0.40006,2.53925,0,19,0.03663,0,3.0830,2.7707
702,22.4640,-0.19472,0.40116,2.53430,0,19,0.03664,0,3.0779,2.7757
703,22.4960,-0.19625,0.40223,2.53183,0,19,0.04219,0,3.0792,2.7745
704,22.5280,-0.19783,0.40334,2.52687,0,19,0.04466,0,3.0747,2.7789
705,22.5600,-0.19940,0.40446,2.52192,0,19,0.04594,0,3.0705,2.7831
706,22.5920,-0.20097,0.40558,2.52192,0,19,0.04951,0,3.0795,2.7742
707,22.6240,-0.20254,0.40670,2.51697,0,19,0.05102,0,3.0767,2.7770
708,22.6560,-0.20411,0.40784,2.51202,0,19,0.05663,0,3.0744,2.7793
709,22.6880,-0.20562,0.40894,2.50954,0,19,0.06194,0,3.0788,2.7749
710,22.7200,-0.20717,0.41008,2.50459,0,20,0.06560,0,3.0783,2.7753
711,22.7520,-0.20872,0.41123,2.49964,0,20,0.07287,0,-1.6634,1.6634
712,22.7840,-0.20872,0.41123,2.54420,0,20,0.07490,0,-1.4938,1.4938
713,22.8160,-0.20872,0.41123,2.57887,0,20,0.07669,0,-1.3620,1.3620
714,22.8480,-0.20872,0.41123,2.61353,0,20,0.07411,0,-1.2301,1.2301
715,22.8800,-0.20872,0.41123,2.64819,0,20,0.07113,0,-1.0982,1.0982
716,22.9120,-0.20872,0.41123,2.67294,0,20,0.07187,0,-1.0040,1.0040
717,22.9440,-0.20872,0.41123,2.69770,0,20,0.07115,0,-0.9098,0.9098
718,22.9760,-0.20872,0.41123,2.72246,0,20,0.07349,0,-0.8156,0.8156
719,23.0080,-0.20872,0.41123,2.74227,0,20,0.07064,0,-0.7402,0.7402
720,23.0400,-0.20872,0.41123,2.76207,0,20,0.07050,0,-0.6649,0.6649
721,23.0720,-0.20872,0.41123,2.77693,0,20,0.06832,0,-0.6084,0.6084
722,23.1040,-0.20872,0.41123,2.79178,0,20,0.06753,0,2.5589,3.2947
723,23.1360,-0.21054,0.41189,2.80168,0,20,0.06808,0,2.5737,3.2800
724,23.1680,-0.21236,0.41252,2.81159,0,20,0.07285,0,2.5885,3.2651
725,23.2000,-0.21413,0.41312,2.81901,0,20,0.07674,0,2.5975,3.2562
726,23.2320,-0.21596,0.41372,2.82892,0,20,0.08175,0,2.6125,3.2412
727,23.2640,-0.21774,0.41429,2.83635,0,20,0.08355,0,2.6215,3.2321
728,23.2960,-0.21965,0.41488,2.84377,0,20,0.08629,0,2.6299,3.2237
729,23.3280,-0.22143,0.41542,2.85120,0,20,0.09055,0,2.6389,3.2147
730,23.3600,-0.22335,0.41599,2.85863,0,20,0.09807,0,2.6472,3.2065
731,23.3920,-0.22514,0.41650,2.86605,0,20,0.10670,0,2.6561,3.1976
732,23.4240,-0.22700,0.41702,2.87101,0,20,0.11925,0,2.6581,3.1955
733,23.4560,-0.22887,0.41753,2.88091,0,20,0.13145,0,2.6727,3.1810
734,23.4880,-0.23073,0.41802,2.88586,0,20,0.13945,0,2.6746,3.1791
735,23.5200,-0.23254,0.41849,2.89329,0,20,0.16222,0,2.6829,3.1708
736,23.5520,-0.23441,0.41896,2.89824,0,20,0.18885,0,2.6843,3.1694
737,23.5840,-0.23629,0.41942,2.90319,0,20,0.23188,0,2.6852,3.1685
738,23.6160,-0.23810,0.41985,2.91062,0,20,0.26520,0,2.6924,3.1612
739,23.6480,-0.23999,0.42029,2.91557,0,20,0.30519,0,2.6925,3.1611
740,23.6800,-0.24193,0.42073,2.92300,0,20,0.34322,0,2.6979,3.1557
741,23.7120,-0.24382,0.42115,2.92795,0,20,0.37294,0,2.6968,3.1568
742,23.7440,-0.24564,0.42154,2.93538,0,20,0.39587,0,2.7017,3.1519
743,23.7760,-0.24753,0.42193,2.94033,0,20,0.39133,0,2.6990,3.1546
744,23.8080,-0.24943,0.42231,2.94528,0,20,0.38905,0,2.6950,3.1587
